id,date,semester,subject,category,type,amount,handled_by,note,created_at
5ef281b9-7ff3-47b1-947b-0ee2b3f143f8,2025-08-25,二上,返校日班費,班費收入,income,3700,林家賢,100×37,2026-07-29T18:04:15+08:00
a4fb6dce-77d3-4230-b7d3-9882df493feb,2025-09-01,二上,冷氣儲值,冷氣,expense,1100,林家賢,,2026-07-29T18:14:28+08:00
c41dc1c0-883d-462b-9dd5-d0701c5bcedb,2025-09-09,二上,冷氣儲值,冷氣,expense,500,林家賢,,2026-07-29T18:14:28+08:00
49b916d4-c3ab-4892-bb2c-975e7af30f6d,2025-09-11,二上,冷氣儲值,冷氣,expense,1000,林家賢,,2026-07-29T18:14:28+08:00
27a3e69c-0674-49a1-8325-182e80712cf2,2025-09-17,二上,學資費用,其他,expense,2960,林家賢,,2026-07-29T18:14:28+08:00
fd5e6157-016e-40fd-9129-634113ad6e45,2025-09-19,二上,冷氣儲值,冷氣,expense,1000,林家賢,,2026-07-29T18:14:28+08:00
cee29a39-118f-48f9-a6e1-97fc1ae08474,2025-09-19,二上,教師節卡片,活動,expense,120,林家賢,,2026-07-29T18:14:28+08:00
b88ed30c-7443-4e37-a818-bd7d7d97c619,2025-10-01,二上,英文雜誌費用,教材與影印,expense,17760,林家賢,,2026-07-29T18:14:28+08:00
f88fdc39-294e-4e87-8857-f830dc4d61c4,2025-10-02,二上,冷氣儲值,冷氣,expense,1000,林家賢,,2026-07-29T18:14:28+08:00
5243317d-8b8f-4ea2-b68d-e8794cb4cb8f,2025-10-08,二上,班費,班費收入,income,90000,林家賢,2500×36,2026-07-29T18:14:28+08:00
b3eb8150-675b-422c-8b6e-8f972fed9cd4,2025-10-14,二上,冷氣儲值,冷氣,expense,500,林家賢,,2026-07-29T18:14:28+08:00
30007302-6034-48d0-966d-ab309c711da3,2025-10-22,二上,書款,教材與影印,expense,12987,林家賢,含國、英考卷、化學講義,2026-07-29T18:14:28+08:00
f91ee4fa-ee7a-4568-b43e-de42d3e799d0,2025-10-22,二上,家長會廁所清潔費,清潔用品,expense,18500,林家賢,500×37,2026-07-29T18:14:28+08:00
c0c41801-7d71-48d9-8133-8f2858999f3b,2025-10-23,二上,日本交流餐費,活動,expense,8658,林家賢,,2026-07-29T18:14:28+08:00
4ca4e2a2-ec5a-4d5a-afd1-b222b7fa06cc,2025-10-29,二上,園遊會報名費,活動,expense,1000,林家賢,,2026-07-29T18:14:28+08:00
bc9a3ea9-f0ce-4fe7-bc2e-22694ca2d2fa,2025-10-31,二上,班導自費麵錢,其他,income,100,林家賢,,2026-07-29T18:14:28+08:00
f7f0dfc9-fdbe-483c-8cda-f654ba84e454,2025-10-31,二上,拾遺,其他,income,1,林家賢,,2026-07-29T18:14:28+08:00
b917e6e9-e3d7-4464-8f19-2da0ec5693a4,2025-10-31,二上,日本交流飲料費,活動,income,100,林家賢,原表未填日期，暫沿用10/31,2026-07-29T18:14:28+08:00
8ba31bc8-8b03-4f95-a4eb-a1305b91459d,2025-10-31,二上,班費加拾遺,班費收入,income,2600,林家賢,26號班費加拾遺100；原表未填日期，暫沿用10/31,2026-07-29T18:14:28+08:00
76a31ccd-d16f-4ab8-93ed-abcacd4cc2ff,2025-11-08,二上,園遊會成本,活動,expense,3196,林家賢,,2026-07-29T18:14:28+08:00
2c858831-c19a-4f9e-983d-3a2f3613a124,2025-11-08,二上,園遊會總收入,活動,income,6360,林家賢,,2026-07-29T18:14:28+08:00
6d725c50-8c5d-47b3-8e86-40277ff080e2,2026-01-06,二上,生活科技教材費,教材與影印,expense,1658,林家賢,,2026-07-29T18:14:28+08:00
7cb927f6-b462-4642-85a0-eb86cf487913,2026-01-17,二上,賠學校籃球,其他,expense,390,林家賢,籃球×1,2026-07-29T18:14:28+08:00
006cbae5-ce93-482a-b797-eac51be87117,2026-03-10,二下,英文雜誌,教材與影印,expense,18500,陳信衡,3、4、6、7月,2026-07-29T18:14:28+08:00
90fffbe9-5b01-45e0-bdd2-e239943ea460,2026-03-17,二下,學資,教材與影印,expense,2960,陳信衡,二下數學,2026-07-29T18:14:28+08:00
e7243afa-1466-49c8-bb59-82a2705a5fdb,2026-03-21,二下,班費,班費收入,income,75000,陳信衡,30×2500,2026-07-29T18:14:28+08:00
78ff2017-a54b-4e1b-bf1d-6558faf29888,2026-04-08,二下,講義費,教材與影印,expense,44141,陳信衡,,2026-07-29T18:14:28+08:00
a1d274f9-1462-49b1-ad1c-df6a4169dc35,2026-04-15,二下,冷氣儲值,冷氣,expense,500,陳信衡,,2026-07-29T18:14:28+08:00
1dd5b56d-9d81-4b43-8c74-1c215902c9cb,2026-04-17,二下,班費,班費收入,income,5000,陳信衡,2人,2026-07-29T18:14:28+08:00
15a2a89b-5a3e-43c9-abcc-c1f215b22686,2026-04-20,二下,班費,班費收入,income,12500,陳信衡,5人,2026-07-29T18:14:28+08:00
54cec4d5-b3ff-4481-b0d0-eff4691a95cf,2026-04-29,二下,冷氣儲值,冷氣,expense,500,陳信衡,缺收據,2026-07-29T18:14:28+08:00
4d440f81-c632-4dc0-b87d-39b871fba535,2026-05-19,二下,冷氣儲值,冷氣,expense,500,陳信衡,,2026-07-29T18:14:28+08:00
6c534970-3201-4806-a9a1-80666b528004,2026-05-26,二下,冷氣儲值,冷氣,expense,1000,陳信衡,,2026-07-29T18:14:28+08:00
799f0388-da53-4509-bda9-c9c302944165,2026-06-02,二下,冷氣儲值,冷氣,expense,1000,陳信衡,補登,2026-07-29T18:14:28+08:00
ecdb21b6-ea3e-4eaa-8552-1c377a55bc3a,2026-06-17,二下,美術材料費,教材與影印,expense,4255,陳信衡,115×37,2026-07-29T18:14:28+08:00
eba2a2dc-07ff-448c-bfae-dc19e77ecdec,2026-06-20,二下,冷氣儲值,冷氣,expense,300,陳信衡,補登,2026-07-29T18:14:28+08:00
999fc57f-1cdc-4f93-97d5-e1fafa478b1b,2026-06-21,二下,冷氣儲值,冷氣,expense,600,陳信衡,,2026-07-29T18:14:28+08:00
e9c974c5-cf73-44dd-8bdb-bfa39824cd46,2026-07-21,二下,冷氣儲值,冷氣,expense,800,陳信衡,,2026-07-29T18:14:28+08:00
c7145c42-ac52-4ab1-8e1e-6cb035e3aea1,2026-07-23,二下,清潔費,清潔用品,expense,4300,陳信衡,,2026-07-29T18:14:28+08:00
06c49250-671b-4f5f-aa36-73824fc49456,2026-07-29,暑期輔導,冷氣儲值,冷氣,expense,1000,劉鎬維,,2026-07-29T18:14:28+08:00
